Name,Avg Points,Avg Yards,NPY/A,NRY/A,3rd%_x,4th%_x,Avg Points Let,Avg Yards Let,NPY/A Let,NRY/A Let,3rd%_y,4th%_y
New England Patriots,34.8125,427.875,7.0,4.2,48.7%,66.7%,20.6875,373.25,6.9,3.9,40.0%,39.1%
Denver Broncos,30.0625,397.875,7.4,3.8,45.1%,60.0%,18.0625,290.75,5.2,3.6,30.6%,38.9%
New Orleans Saints,28.8125,410.875,7.2,4.3,44.0%,57.1%,28.375,440.125,7.4,5.2,38.5%,52.6%
Washington Redskins,27.25,383.1875,7.2,5.2,35.8%,70.6%,24.25,377.6875,6.8,4.2,44.2%,57.1%
Green Bay Packers,27.0625,359.4375,6.6,3.9,42.3%,53.8%,21.0,336.75,5.7,4.5,38.1%,39.1%
New York Giants,26.8125,355.4375,6.8,4.6,40.6%,50.0%,21.5,383.375,7.2,4.6,42.4%,47.6%
Atlanta Falcons,26.1875,369.125,7.0,3.7,45.1%,25.0%,18.6875,365.5625,6.7,4.8,40.5%,46.2%
Houston Texans,26.0,372.0625,6.6,4.2,37.6%,57.1%,20.6875,323.25,5.8,4.0,33.0%,31.3%
Seattle Seahawks,25.75,350.625,6.9,4.8,40.2%,61.1%,15.3125,306.1875,5.4,4.5,38.4%,30.0%
Baltimore Ravens,24.875,352.5,6.3,4.3,36.9%,42.9%,21.5,350.9375,6.1,4.0,35.8%,50.0%
San Francisco 49ers,24.8125,361.8125,6.9,5.1,35.1%,66.7%,17.0625,294.375,5.3,3.7,33.0%,56.0%
Cincinnati Bengals,24.4375,332.6875,6.1,4.1,34.1%,68.8%,20.0,319.6875,5.6,4.1,36.1%,41.7%
Tampa Bay Buccaneers,24.3125,363.75,6.7,4.4,35.8%,41.2%,24.625,379.875,7.3,3.5,40.2%,42.9%
Minnesota Vikings,23.6875,336.5625,5.3,5.4,37.1%,63.6%,21.75,350.0,6.0,4.0,41.3%,55.0%
Dallas Cowboys,23.5,374.625,6.8,3.6,43.9%,72.7%,25.0,355.4375,6.8,4.5,40.1%,54.5%
Chicago Bears,23.4375,310.5625,5.7,4.2,36.5%,38.5%,17.3125,315.625,5.4,4.2,35.5%,62.5%
Detroit Lions,23.25,408.75,6.4,4.1,42.5%,40.0%,27.3125,341.125,6.2,4.5,36.5%,83.3%
Carolina Panthers,22.3125,360.6875,7.0,4.5,43.1%,33.3%,22.6875,333.0625,6.0,4.2,36.1%,52.6%
Indianapolis Colts,22.3125,362.4375,6.2,3.8,42.8%,87.5%,24.1875,374.25,6.7,5.1,38.1%,42.9%
San Diego Chargers,21.875,297.25,5.7,3.6,37.8%,54.5%,21.875,326.4375,6.1,3.8,42.1%,40.0%
Buffalo Bills,21.5,342.875,6.0,5.0,38.9%,62.5%,27.1875,362.875,6.1,5.0,44.0%,50.0%
Pittsburgh Steelers,21.0,332.75,6.2,3.7,42.0%,46.2%,19.625,275.8125,5.3,3.7,35.4%,72.7%
Tennessee Titans,20.625,313.125,5.7,4.5,38.2%,33.3%,29.4375,374.9375,6.6,4.2,39.7%,42.9%
Cleveland Browns,18.875,314.25,5.7,4.0,30.7%,43.8%,23.0,363.8125,6.1,4.2,38.1%,63.6%
St. Louis Rams,18.6875,329.0,6.0,4.2,32.1%,54.2%,21.75,342.625,6.0,4.3,37.6%,37.5%
Oakland Raiders,18.125,344.0,6.2,3.8,35.0%,25.0%,27.6875,354.5,6.9,4.3,39.2%,57.1%
Miami Dolphins,18.0,311.5,5.9,4.1,37.7%,33.3%,19.8125,356.75,6.2,4.0,36.6%,70.6%
New York Jets,17.5625,299.1875,5.4,3.8,36.9%,50.0%,23.4375,323.375,5.8,4.3,37.2%,80.0%
Philadelphia Eagles,17.5,354.0625,5.7,4.5,37.4%,58.3%,27.75,343.1875,6.7,4.2,40.9%,20.0%
Jacksonville Jaguars,15.9375,299.25,5.4,3.8,29.6%,30.8%,27.75,380.5,6.9,4.1,41.4%,44.4%
Arizona Cardinals,15.625,263.0625,4.5,3.4,25.2%,41.7%,22.3125,337.8125,6.0,4.3,32.9%,44.4%
Kansas City Chiefs,13.1875,319.25,5.3,4.8,33.0%,46.7%,26.5625,356.5,7.2,4.5,39.1%,75.0%
